asset_id,source_group,source_path,prompt_path,width,height,fps,source_total_frames,source_duration_sec,raw_start_frame,raw_end_frame_exclusive,safe_start_frame,safe_end_frame_exclusive,safe_duration_sec,cut_in_score,cut_out_score,detector_threshold,detector_confidence,usable_for_beat_edit
A01_f01,00-15_primary_v1,/Users/apple/Documents/VideoMake/projects/I_Cant_Wait_GUMI_歌曲MV_96s/1-15秒/output/I_Cant_Wait_GUMI_00-15_00001-audio.mp4,/Users/apple/Documents/VideoMake/projects/I_Cant_Wait_GUMI_歌曲MV_96s/1-15秒/1-15秒_prompt.txt,1280,736,24.000000,359,15.075000,0,103,0,97,4.041667,0.000000,4.396000,4.106000,1.070628,1
A01_f02,00-15_primary_v1,/Users/apple/Documents/VideoMake/projects/I_Cant_Wait_GUMI_歌曲MV_96s/1-15秒/output/I_Cant_Wait_GUMI_00-15_00001-audio.mp4,/Users/apple/Documents/VideoMake/projects/I_Cant_Wait_GUMI_歌曲MV_96s/1-15秒/1-15秒_prompt.txt,1280,736,24.000000,359,15.075000,103,187,109,181,3.000000,4.396000,8.998000,4.106000,2.191427,1
A01_f03,00-15_primary_v1,/Users/apple/Documents/VideoMake/projects/I_Cant_Wait_GUMI_歌曲MV_96s/1-15秒/output/I_Cant_Wait_GUMI_00-15_00001-audio.mp4,/Users/apple/Documents/VideoMake/projects/I_Cant_Wait_GUMI_歌曲MV_96s/1-15秒/1-15秒_prompt.txt,1280,736,24.000000,359,15.075000,187,216,193,210,0.708333,8.998000,4.818000,4.106000,2.191427,0
A01_f04,00-15_primary_v1,/Users/apple/Documents/VideoMake/projects/I_Cant_Wait_GUMI_歌曲MV_96s/1-15秒/output/I_Cant_Wait_GUMI_00-15_00001-audio.mp4,/Users/apple/Documents/VideoMake/projects/I_Cant_Wait_GUMI_歌曲MV_96s/1-15秒/1-15秒_prompt.txt,1280,736,24.000000,359,15.075000,216,254,222,248,1.083333,4.818000,10.786000,4.106000,2.626887,1
A01_f05,00-15_primary_v1,/Users/apple/Documents/VideoMake/projects/I_Cant_Wait_GUMI_歌曲MV_96s/1-15秒/output/I_Cant_Wait_GUMI_00-15_00001-audio.mp4,/Users/apple/Documents/VideoMake/projects/I_Cant_Wait_GUMI_歌曲MV_96s/1-15秒/1-15秒_prompt.txt,1280,736,24.000000,359,15.075000,254,359,260,359,4.125000,10.786000,0.000000,4.106000,2.626887,1
A02_f01,00-15_primary_v2,/Users/apple/Documents/VideoMake/projects/I_Cant_Wait_GUMI_歌曲MV_96s/1-15秒/output/I_Cant_Wait_GUMI_00-15_00002-audio.mp4,/Users/apple/Documents/VideoMake/projects/I_Cant_Wait_GUMI_歌曲MV_96s/1-15秒/1-15秒_prompt.txt,1280,736,24.000000,359,15.075000,0,103,0,97,4.041667,0.000000,4.396000,4.106000,1.070628,1
A02_f02,00-15_primary_v2,/Users/apple/Documents/VideoMake/projects/I_Cant_Wait_GUMI_歌曲MV_96s/1-15秒/output/I_Cant_Wait_GUMI_00-15_00002-audio.mp4,/Users/apple/Documents/VideoMake/projects/I_Cant_Wait_GUMI_歌曲MV_96s/1-15秒/1-15秒_prompt.txt,1280,736,24.000000,359,15.075000,103,187,109,181,3.000000,4.396000,8.998000,4.106000,2.191427,1
A02_f03,00-15_primary_v2,/Users/apple/Documents/VideoMake/projects/I_Cant_Wait_GUMI_歌曲MV_96s/1-15秒/output/I_Cant_Wait_GUMI_00-15_00002-audio.mp4,/Users/apple/Documents/VideoMake/projects/I_Cant_Wait_GUMI_歌曲MV_96s/1-15秒/1-15秒_prompt.txt,1280,736,24.000000,359,15.075000,187,216,193,210,0.708333,8.998000,4.818000,4.106000,2.191427,0
A02_f04,00-15_primary_v2,/Users/apple/Documents/VideoMake/projects/I_Cant_Wait_GUMI_歌曲MV_96s/1-15秒/output/I_Cant_Wait_GUMI_00-15_00002-audio.mp4,/Users/apple/Documents/VideoMake/projects/I_Cant_Wait_GUMI_歌曲MV_96s/1-15秒/1-15秒_prompt.txt,1280,736,24.000000,359,15.075000,216,254,222,248,1.083333,4.818000,10.786000,4.106000,2.626887,1
A02_f05,00-15_primary_v2,/Users/apple/Documents/VideoMake/projects/I_Cant_Wait_GUMI_歌曲MV_96s/1-15秒/output/I_Cant_Wait_GUMI_00-15_00002-audio.mp4,/Users/apple/Documents/VideoMake/projects/I_Cant_Wait_GUMI_歌曲MV_96s/1-15秒/1-15秒_prompt.txt,1280,736,24.000000,359,15.075000,254,359,260,359,4.125000,10.786000,0.000000,4.106000,2.626887,1
A03_f01,15-30_primary_v1,/Users/apple/Documents/VideoMake/projects/I_Cant_Wait_GUMI_歌曲MV_96s/16-30秒/output/I_Cant_Wait_GUMI_15-30_00001-audio.mp4,/Users/apple/Documents/VideoMake/projects/I_Cant_Wait_GUMI_歌曲MV_96s/16-30秒/16-30秒_prompt.txt,1280,736,24.000000,359,15.075000,0,104,0,98,4.083333,0.000000,12.495000,3.869000,3.229517,1
A03_f02,15-30_primary_v1,/Users/apple/Documents/VideoMake/projects/I_Cant_Wait_GUMI_歌曲MV_96s/16-30秒/output/I_Cant_Wait_GUMI_15-30_00001-audio.mp4,/Users/apple/Documents/VideoMake/projects/I_Cant_Wait_GUMI_歌曲MV_96s/16-30秒/16-30秒_prompt.txt,1280,736,24.000000,359,15.075000,104,186,110,180,2.916667,12.495000,9.471000,3.869000,3.229517,1
A03_f03,15-30_primary_v1,/Users/apple/Documents/VideoMake/projects/I_Cant_Wait_GUMI_歌曲MV_96s/16-30秒/output/I_Cant_Wait_GUMI_15-30_00001-audio.mp4,/Users/apple/Documents/VideoMake/projects/I_Cant_Wait_GUMI_歌曲MV_96s/16-30秒/16-30秒_prompt.txt,1280,736,24.000000,359,15.075000,186,250,192,244,2.166667,9.471000,8.506000,3.869000,2.447919,1
A03_f04,15-30_primary_v1,/Users/apple/Documents/VideoMake/projects/I_Cant_Wait_GUMI_歌曲MV_96s/16-30秒/output/I_Cant_Wait_GUMI_15-30_00001-audio.mp4,/Users/apple/Documents/VideoMake/projects/I_Cant_Wait_GUMI_歌曲MV_96s/16-30秒/16-30秒_prompt.txt,1280,736,24.000000,359,15.075000,250,359,256,359,4.291667,8.506000,0.000000,3.869000,2.198501,1
A04_f01,15-30_retake_15-22,/Users/apple/Documents/VideoMake/projects/I_Cant_Wait_GUMI_歌曲MV_96s/16-30秒/output/redo_15-22/I_Cant_Wait_GUMI_15-30_00002-audio.mp4,/Users/apple/Documents/VideoMake/projects/I_Cant_Wait_GUMI_歌曲MV_96s/02_提示词/02_15-22_revised_prompt.txt,1280,736,24.000000,358,15.075000,0,82,0,76,3.166667,0.000000,10.878000,3.073500,3.539287,1
A04_f02,15-30_retake_15-22,/Users/apple/Documents/VideoMake/projects/I_Cant_Wait_GUMI_歌曲MV_96s/16-30秒/output/redo_15-22/I_Cant_Wait_GUMI_15-30_00002-audio.mp4,/Users/apple/Documents/VideoMake/projects/I_Cant_Wait_GUMI_歌曲MV_96s/02_提示词/02_15-22_revised_prompt.txt,1280,736,24.000000,358,15.075000,82,202,88,196,4.500000,10.878000,9.022000,3.073500,3.539287,1
A04_f03,15-30_retake_15-22,/Users/apple/Documents/VideoMake/projects/I_Cant_Wait_GUMI_歌曲MV_96s/16-30秒/output/redo_15-22/I_Cant_Wait_GUMI_15-30_00002-audio.mp4,/Users/apple/Documents/VideoMake/projects/I_Cant_Wait_GUMI_歌曲MV_96s/02_提示词/02_15-22_revised_prompt.txt,1280,736,24.000000,358,15.075000,202,273,208,267,2.458333,9.022000,7.478000,3.073500,2.935416,1
A04_f04,15-30_retake_15-22,/Users/apple/Documents/VideoMake/projects/I_Cant_Wait_GUMI_歌曲MV_96s/16-30秒/output/redo_15-22/I_Cant_Wait_GUMI_15-30_00002-audio.mp4,/Users/apple/Documents/VideoMake/projects/I_Cant_Wait_GUMI_歌曲MV_96s/02_提示词/02_15-22_revised_prompt.txt,1280,736,24.000000,358,15.075000,273,358,279,358,3.291667,7.478000,0.000000,3.073500,2.433057,1
A05_f01,30-45_primary,/Users/apple/Documents/VideoMake/projects/I_Cant_Wait_GUMI_歌曲MV_96s/31-45秒/output/I_Cant_Wait_GUMI_30-45_00001-audio.mp4,/Users/apple/Documents/VideoMake/projects/I_Cant_Wait_GUMI_歌曲MV_96s/31-45秒/31-45秒_prompt.txt,1280,736,24.000000,358,15.075000,0,112,0,106,4.416667,0.000000,10.957000,2.500000,4.382800,1
A05_f02,30-45_primary,/Users/apple/Documents/VideoMake/projects/I_Cant_Wait_GUMI_歌曲MV_96s/31-45秒/output/I_Cant_Wait_GUMI_30-45_00001-audio.mp4,/Users/apple/Documents/VideoMake/projects/I_Cant_Wait_GUMI_歌曲MV_96s/31-45秒/31-45秒_prompt.txt,1280,736,24.000000,358,15.075000,112,200,118,194,3.166667,10.957000,11.996000,2.500000,4.798400,1
A05_f03,30-45_primary,/Users/apple/Documents/VideoMake/projects/I_Cant_Wait_GUMI_歌曲MV_96s/31-45秒/output/I_Cant_Wait_GUMI_30-45_00001-audio.mp4,/Users/apple/Documents/VideoMake/projects/I_Cant_Wait_GUMI_歌曲MV_96s/31-45秒/31-45秒_prompt.txt,1280,736,24.000000,358,15.075000,200,278,206,272,2.750000,11.996000,4.559000,2.500000,4.798400,1
A05_f04,30-45_primary,/Users/apple/Documents/VideoMake/projects/I_Cant_Wait_GUMI_歌曲MV_96s/31-45秒/output/I_Cant_Wait_GUMI_30-45_00001-audio.mp4,/Users/apple/Documents/VideoMake/projects/I_Cant_Wait_GUMI_歌曲MV_96s/31-45秒/31-45秒_prompt.txt,1280,736,24.000000,358,15.075000,278,358,284,358,3.083333,4.559000,0.000000,2.500000,1.823600,1
A06_f01,45-60_primary,/Users/apple/Documents/VideoMake/projects/I_Cant_Wait_GUMI_歌曲MV_96s/46-60秒/output/I_Cant_Wait_GUMI_45-60_00001-audio.mp4,/Users/apple/Documents/VideoMake/projects/I_Cant_Wait_GUMI_歌曲MV_96s/46-60秒/46-60秒_prompt.txt,1280,736,24.000000,361,15.075000,0,106,0,100,4.166667,0.000000,12.671000,3.680000,3.443207,1
A06_f02,45-60_primary,/Users/apple/Documents/VideoMake/projects/I_Cant_Wait_GUMI_歌曲MV_96s/46-60秒/output/I_Cant_Wait_GUMI_45-60_00001-audio.mp4,/Users/apple/Documents/VideoMake/projects/I_Cant_Wait_GUMI_歌曲MV_96s/46-60秒/46-60秒_prompt.txt,1280,736,24.000000,361,15.075000,106,194,112,188,3.166667,12.671000,12.060000,3.680000,3.443207,1
A06_f03,45-60_primary,/Users/apple/Documents/VideoMake/projects/I_Cant_Wait_GUMI_歌曲MV_96s/46-60秒/output/I_Cant_Wait_GUMI_45-60_00001-audio.mp4,/Users/apple/Documents/VideoMake/projects/I_Cant_Wait_GUMI_歌曲MV_96s/46-60秒/46-60秒_prompt.txt,1280,736,24.000000,361,15.075000,194,272,200,266,2.750000,12.060000,14.476000,3.680000,3.933696,1
A06_f04,45-60_primary,/Users/apple/Documents/VideoMake/projects/I_Cant_Wait_GUMI_歌曲MV_96s/46-60秒/output/I_Cant_Wait_GUMI_45-60_00001-audio.mp4,/Users/apple/Documents/VideoMake/projects/I_Cant_Wait_GUMI_歌曲MV_96s/46-60秒/46-60秒_prompt.txt,1280,736,24.000000,361,15.075000,272,361,278,361,3.458333,14.476000,0.000000,3.680000,3.933696,1
A07_f01,60-75_primary,/Users/apple/Documents/VideoMake/projects/I_Cant_Wait_GUMI_歌曲MV_96s/61-75秒/output/I_Cant_Wait_GUMI_60-75_00001-audio.mp4,/Users/apple/Documents/VideoMake/projects/I_Cant_Wait_GUMI_歌曲MV_96s/61-75秒/61-75秒_prompt.txt,1280,736,24.000000,361,15.075000,0,111,0,105,4.375000,0.000000,17.641000,2.500000,7.056400,1
A07_f02,60-75_primary,/Users/apple/Documents/VideoMake/projects/I_Cant_Wait_GUMI_歌曲MV_96s/61-75秒/output/I_Cant_Wait_GUMI_60-75_00001-audio.mp4,/Users/apple/Documents/VideoMake/projects/I_Cant_Wait_GUMI_歌曲MV_96s/61-75秒/61-75秒_prompt.txt,1280,736,24.000000,361,15.075000,111,203,117,197,3.333333,17.641000,14.885000,2.500000,7.056400,1
A07_f03,60-75_primary,/Users/apple/Documents/VideoMake/projects/I_Cant_Wait_GUMI_歌曲MV_96s/61-75秒/output/I_Cant_Wait_GUMI_60-75_00001-audio.mp4,/Users/apple/Documents/VideoMake/projects/I_Cant_Wait_GUMI_歌曲MV_96s/61-75秒/61-75秒_prompt.txt,1280,736,24.000000,361,15.075000,203,264,209,258,2.041667,14.885000,12.967000,2.500000,5.954000,1
A07_f04,60-75_primary,/Users/apple/Documents/VideoMake/projects/I_Cant_Wait_GUMI_歌曲MV_96s/61-75秒/output/I_Cant_Wait_GUMI_60-75_00001-audio.mp4,/Users/apple/Documents/VideoMake/projects/I_Cant_Wait_GUMI_歌曲MV_96s/61-75秒/61-75秒_prompt.txt,1280,736,24.000000,361,15.075000,264,361,270,361,3.791667,12.967000,0.000000,2.500000,5.186800,1
A08_f01,75-90_primary,/Users/apple/Documents/VideoMake/projects/I_Cant_Wait_GUMI_歌曲MV_96s/76-90秒/output/I_Cant_Wait_GUMI_75-90_00001-audio.mp4,/Users/apple/Documents/VideoMake/projects/I_Cant_Wait_GUMI_歌曲MV_96s/76-90秒/76-90秒_prompt.txt,1280,736,24.000000,361,15.075000,0,100,0,94,3.916667,0.000000,7.151000,2.630000,2.719011,1
A08_f02,75-90_primary,/Users/apple/Documents/VideoMake/projects/I_Cant_Wait_GUMI_歌曲MV_96s/76-90秒/output/I_Cant_Wait_GUMI_75-90_00001-audio.mp4,/Users/apple/Documents/VideoMake/projects/I_Cant_Wait_GUMI_歌曲MV_96s/76-90秒/76-90秒_prompt.txt,1280,736,24.000000,361,15.075000,100,197,106,191,3.541667,7.151000,4.644000,2.630000,2.719011,1
A08_f03,75-90_primary,/Users/apple/Documents/VideoMake/projects/I_Cant_Wait_GUMI_歌曲MV_96s/76-90秒/output/I_Cant_Wait_GUMI_75-90_00001-audio.mp4,/Users/apple/Documents/VideoMake/projects/I_Cant_Wait_GUMI_歌曲MV_96s/76-90秒/76-90秒_prompt.txt,1280,736,24.000000,361,15.075000,197,272,203,266,2.625000,4.644000,6.312000,2.630000,2.400000,1
A08_f04,75-90_primary,/Users/apple/Documents/VideoMake/projects/I_Cant_Wait_GUMI_歌曲MV_96s/76-90秒/output/I_Cant_Wait_GUMI_75-90_00001-audio.mp4,/Users/apple/Documents/VideoMake/projects/I_Cant_Wait_GUMI_歌曲MV_96s/76-90秒/76-90秒_prompt.txt,1280,736,24.000000,361,15.075000,272,361,278,361,3.458333,6.312000,0.000000,2.630000,2.400000,1
A09_f01,90-95.576_primary,/Users/apple/Documents/VideoMake/projects/I_Cant_Wait_GUMI_歌曲MV_96s/91-95.576秒/output/I_Cant_Wait_GUMI_90-95.576_00001-audio.mp4,/Users/apple/Documents/VideoMake/projects/I_Cant_Wait_GUMI_歌曲MV_96s/91-95.576秒/91-95.576秒_prompt.txt,1280,736,24.000000,156,6.575000,0,31,0,25,1.041667,0.000000,4.265000,4.044000,1.054649,1
A09_f02,90-95.576_primary,/Users/apple/Documents/VideoMake/projects/I_Cant_Wait_GUMI_歌曲MV_96s/91-95.576秒/output/I_Cant_Wait_GUMI_90-95.576_00001-audio.mp4,/Users/apple/Documents/VideoMake/projects/I_Cant_Wait_GUMI_歌曲MV_96s/91-95.576秒/91-95.576秒_prompt.txt,1280,736,24.000000,156,6.575000,31,59,37,53,0.666667,4.265000,4.250000,4.044000,1.054649,0
A09_f03,90-95.576_primary,/Users/apple/Documents/VideoMake/projects/I_Cant_Wait_GUMI_歌曲MV_96s/91-95.576秒/output/I_Cant_Wait_GUMI_90-95.576_00001-audio.mp4,/Users/apple/Documents/VideoMake/projects/I_Cant_Wait_GUMI_歌曲MV_96s/91-95.576秒/91-95.576秒_prompt.txt,1280,736,24.000000,156,6.575000,59,90,65,84,0.791667,4.250000,7.180000,4.044000,1.775470,1
A09_f04,90-95.576_primary,/Users/apple/Documents/VideoMake/projects/I_Cant_Wait_GUMI_歌曲MV_96s/91-95.576秒/output/I_Cant_Wait_GUMI_90-95.576_00001-audio.mp4,/Users/apple/Documents/VideoMake/projects/I_Cant_Wait_GUMI_歌曲MV_96s/91-95.576秒/91-95.576秒_prompt.txt,1280,736,24.000000,156,6.575000,90,156,96,156,2.500000,7.180000,0.000000,4.044000,1.775470,1
